{
  "mos_quality": 3.367741346359253,
  "mos_consistency": 3.294904947280884,
  "fad": 3.1,
  "clap": 3.8924149200320244
}