{
  "mos_quality": 3.607912063598633,
  "mos_consistency": 3.3331246376037598,
  "fad": 4.051929182410603,
  "clap": 4.01088002845645
}